id,dataset,split,question,accepted_answers,model_answer,correctness_label,raw_generation_confidence,tcl_v0_probe_confidence,tcl_v0_conservative_confidence,tcl_v0_calibrated_confidence,probe_minus_raw,raw_minus_conservative,review_label,review_notes
triviaqa-rc.nocontext-validation-413,triviaqa_rc_nocontext_validation_500,test,The Sign Of Four was a detective story written by which author?,"Sir Arthur Conan Doyle | A Conan Doyle | Arthur Conan-Doyle | Arthur Conan Ignatius, Sir Doyle | Arthur Conan Doyle | Doyle, Arthur Conan | Doyle, Sir Arthur Conan | Sir Conan Doyle | Sir Arthur Doyle | Arthur C. Doyle | Arthur Conan Ignatius Doyle | Arthur Conan Doyle's | Arthur Ignatius Conan Doyle | Conan Doyle, Sir Arthur | Sir Arthur Ignatius Conan Doyle | Doylean | Conan Doyle | A. Conan Doyle | arthur c doyle | doyle arthur conan | arthur conan doyle s | doyle sir arthur conan | arthur conan ignatius sir doyle | conan doyle sir arthur",,0,0.9521328806877136,7.929908838925491e-05,7.929908838925491e-05,0.05645083674655219,-0.9520535815993244,0.9520535815993244,,
triviaqa-rc.nocontext-validation-287,triviaqa_rc_nocontext_validation_500,test,In which year was the Encyclopedia Britannica first published?,"1768 | one thousand, seven hundred and sixty-eight | one thousand seven hundred and sixty eight",,0,0.9066678881645203,0.0003631439135448038,0.0003631439135448038,0.11133101974492565,-0.9063047442509755,0.9063047442509755,,
triviaqa-rc.nocontext-validation-193,triviaqa_rc_nocontext_validation_500,test,"In the 1904 Olympics, how many of the 23 track and field titles were won by Americans?",21 | twenty-one | twenty one,,0,0.9048967361450195,0.00010814800219483608,0.00010814800219483608,0.06503487941832625,-0.9047885881428247,0.9047885881428247,,
triviaqa-rc.nocontext-validation-379,triviaqa_rc_nocontext_validation_500,test,Which Christmas song includes the line It seems so long since I could say 'sister Susie sitting on a thistle'?,All I Want for Christmas Is My Two Front Teeth | All I Want for Christmas Is My 2 Front Teeth,,0,0.8648552298545837,6.433017460798305e-05,6.433017460798305e-05,0.0512767992798326,-0.8647908996799758,0.8647908996799758,,
triviaqa-rc.nocontext-validation-424,triviaqa_rc_nocontext_validation_500,test,In which decade were ZIP codes introduced in the USA?,1960s | Sixties Revolution | Turbulent Sixties | 1960s (decade) | The '60's | 60's | 1960s in sports | 1960's | Nineteen sixties | The 60s | The '60s | Sixties | The 60's | Nineteen-sixties | 1960ies | 1960–1969 | %6060s | '60s | 1960-1969 | 1960’s | The Sixties | 1960 1969 | 1960 s | 60s | 60 s | 1960s decade | 6060s,,0,0.8034864068031311,0.00011435004086348222,0.00011435004086348222,0.06670123384806646,-0.8033720567622676,0.8033720567622676,,
triviaqa-rc.nocontext-validation-148,triviaqa_rc_nocontext_validation_500,test,In which country did the Internet start?,"USA | The United States of America | United States Of Amerca | Us of a | U.–S.–A. | Americaland | United States (U.S.A.) | Amurika | Unite states of america | United States of America (redirect) | The U S A | Unietd States | EE UU | The U.S.A. | U.-S.-A. | United Staets of America | Unites States | États-Unis d'Amérique | Verenigde State | U.–S. | The United States of America. | The U-S-A | EEUU | U. S. A. | Nagkaisang mga Estado | The U. S. of America | The USA | America (United States) | The U. S. A. | U S of America | UNITED STATES | Estados Unidos | The U–S | American United States | US and A | Unitd states | The US of A | EE.UU. | U-S | The U-S | Etymology of the United States | U.S.A.) | EE. UU. | United states of america | US of america | Verenigde State van Amerika | Nited States | United-States | Unite States | Estados Unidos de América | UnitedStates | Estaos Unios | Untied States of America | The U S of America | THE AMERICAN UNITED STATES | The United-States | U S A | AmericA | Estados Unidos de America | The U.S. of America | Amerka | United–States | U.s.a. | United State of America | United States (US) | The U.S. of A | Amercia | Stati Uniti d'America | Los Estados Unidos de America | United Stated | U.S. | United States (of America) | States of America | America-class | Los Estados Unidos | U,S, | United States (country) | Federal United States | ISO 3166-1:US | Untied States | The U.–S.–A. | VS America | Amurica | Etats-Unis d'Amerique | US | U.S. OF A | USofA | Etats-Unis | United States of America (U.S.A.) | Amarica | The United States | U-S-A | United States/Introduction | The Us | Unitesd states | The U S of A | America class | America magazine | الولايات المتحدة الأمريكية | The U. S. of A | U S | (USA) | The United–States | United States (U.S.) | U.-S. | United States of America (USA) | 'merica | United States of America. | The U.S. | United States of America/OldPage | United+States | The U S | United Sates | U–S–A | U.S. of America | U–S | Los Estados Unidos de América | The U.-S. | America (country) | United States of American | The U.–S. | Amurka | U. S. of A | The U. S. | United States America | États-Unis | USoA | Estaos Uníos | America, United States of | U. S. of America | U.S.American | (US) | The U–S–A | U. S. | U.S. America | U.S. A | Yankee land | America (US) | U.S | America (United States of) | US (country) | U.S.A | Americia | The US of america | Vereinigte Staaten | US America | These United States of America | VS Amerika | Name of the United States | Estatos Unitos | America (USA) | The U.-S.-A. | United States of America/Introduction | Americophile | V.S. America | U S of A | V.S. Amerika | United+States+of+America | The Unites States of America | u–s– | america united states of | v s amerika | united states of america oldpage | america us | etats unis d amerique | america united states | merica | v s america | états unis d amérique | united states of america u s | etymology of united states | u s american | united states of america usa | united states u s | us and | etats unis | united states introduction | america usa | u s of | iso 3166 1 us | united states country | america country | united states us | united states of america redirect | stati uniti d america | us country | états unis | us of | unites states of america | name of united states | u s america | u –s – | united states of america introduction | u –s",,0,0.8011480569839478,0.0002377864395696466,0.0002377864395696466,0.09254853110290577,-0.8009102705443781,0.8009102705443781,,
triviaqa-rc.nocontext-validation-433,triviaqa_rc_nocontext_validation_500,test,What is the name of the London Underground station in EastEnders?,"Walford East | Walford East tube station | Walford | Victoria Square, Walford | Roads in Walford | London Borough of Walford | victoria square walford",,0,0.7984439134597778,0.0001635431646753069,0.0001635431646753069,0.07836925804260582,-0.7982803702951026,0.7982803702951026,,
triviaqa-rc.nocontext-validation-359,triviaqa_rc_nocontext_validation_500,test,What is the final event in a decathlon?,"1500 metres | 1500 distance | one thousand, five hundred  distance | one thousand five hundred distance",,0,0.7933237552642822,0.0002632918207899547,0.0002632918207899547,0.09678981529220392,-0.7930604634434922,0.7930604634434922,,
triviaqa-rc.nocontext-validation-295,triviaqa_rc_nocontext_validation_500,test,What is the only letter of the alphabet which does not appear in any of the names of the 50 American states?,Q | ⓠ | 🅠 | Q (alphabet) | ⒬ | 🅀 | Ｑ | 🄠 | Q (letter) | 🆀 | Q. | q alphabet | q letter,,0,0.7856954336166382,0.0002143992499544659,0.0002143992499544659,0.08841064976046724,-0.7854810343666837,0.7854810343666837,,
triviaqa-rc.nocontext-validation-395,triviaqa_rc_nocontext_validation_500,test,Wayne Rooney signed for Manchester United from which other Premiership Club?,Everton | Everton (disambiguation) | everton disambiguation,,0,0.7546411752700806,0.00017295916361735755,0.00017295916361735755,0.08035574050473278,-0.7544682161064632,0.7544682161064632,,
triviaqa-rc.nocontext-validation-186,triviaqa_rc_nocontext_validation_500,test,"In WWII, who was the head of the Nazi party's security service?","Reinhard Heidrich | Rinehardt Heydrich | Himmler's Evil Genius | ReinhardHeydrich | Heidrich, Rinehardt | Reinhard Hydrich | Reinhard Hydrick | The Young Evil God of Death | Rinehardt Heidrich | Heydrich | Heydrich Reinhard | Reinhard Hidrich | Reinhard Hidrick | Rhinehardt Heidrich | Reinhard Heydrick | The Butcher of Prague | Heidrich, Reinhardt | Heidrich, Rhinehardt | Reinhardt Heydrich | Rhinehardt Heydrich | Reinhard Heydrich | Rhinehart Heidrich | Reihnard Heidrich | Rhinehard Heydrich | Heydrich Reinhart | Rheinhard Heydrich | Heydrich, Reinhard | Rinehard Heidrich | Butcher of Prague | HeydrichReinhardt | Rhinehart Heydrich | Heidrich, Rhinehart | Reinhart heidrich | ReinhardtHeydrich | Heydrich, Reinhart | Heydrich, Reinhardt | Heydrich,Reinhardt | Rinehard Heydrich | Heydrich Reinhardt | Reinhart Heydrich | Heidrich, Rinehart | Young Evil God of Death | Heidrich, Reinhart | Rinehart Heydrich | HeydrichReinhard | Heydrich,Reinhard | Reinhard Tristan Eugen Heydrich | Rhinehard Heidrich | Heidrich, Rhinehard | Heidrich, Rinehard | Heydrich,Reinhart | Heidrich, Reinhard | Rinehart Heidrich | Himler's Evil Genius | himler s evil genius | heidrich reinhart | heidrich rhinehard | himmler s evil genius | heidrich rinehart | heidrich reinhard | heidrich rhinehart | heidrich rinehardt | heidrich rinehard | heidrich reinhardt | heidrich rhinehardt",,0,0.7440133094787598,0.0004097795901615857,0.0004097795901615857,0.11727209927642339,-0.7436035298885981,0.7436035298885981,,
triviaqa-rc.nocontext-validation-478,triviaqa_rc_nocontext_validation_500,test,"Which 1986 Peter Weir movie and based on a Paul Theroux novel starred Harrison Ford, Helen Mirren and River Phoenix?",The Mosquito Coast | The Mosquito Coast (Film) | mosquito coast | mosquito coast film,"Harrison Ford, Helen Mirren, and River Phoenix starred",0,0.7030940763722763,0.00014640523577335877,0.00014640523577335877,0.07457277765924418,-0.7029476711365029,0.7029476711365029,,
triviaqa-rc.nocontext-validation-490,triviaqa_rc_nocontext_validation_500,test,Who designed Madonna's wedding dress for her marriage to Guy Ritchie?,Stella McCartney | Stella Nina McCartney | Alasdhair Willis | Stella Mc Cartney | Stella McCartney for Chloe | Alistair Willis | Stella mccarteny,Madonna's wedding dress for her marriage to Guy Ritchie,0,0.7000611856235043,4.748472962150031e-05,4.748472962150031e-05,0.044560032436647044,-0.7000137008938828,0.7000137008938828,,
triviaqa-rc.nocontext-validation-214,triviaqa_rc_nocontext_validation_500,test,Which crusade was led by Philip II Augustus of France and Richard I of England?,Third crusade | 3rd Crusade | Kings' Crusade | Kings crusade | Crusade of 1189 | The Third Crusade,,0,0.6969937086105347,0.00021318754900538948,0.00021318754900538948,0.08818902730172912,-0.6967805210615293,0.6967805210615293,,
triviaqa-rc.nocontext-validation-216,triviaqa_rc_nocontext_validation_500,test,"In which battle did Harold II, the last Saxon king, lose his life?","Battle of Hastings | Battle at Hastings | Hastings, Battle of | Battle of Senlac | The Battle Of Hastings | Hastings battle | Battle of 1066 | Battle of harstings | hastings battle of",,0,0.696778416633606,0.00025415012564788367,0.00025415012564788367,0.09529952161825633,-0.6965242665079581,0.6965242665079581,,
triviaqa-rc.nocontext-validation-338,triviaqa_rc_nocontext_validation_500,test,"In which country was Marie Curie born? Poland, Austria or Switzerland?",Poland | Etymology of Poland | Polish state | Poleand | Rzeczpospolita Polska | Polland | ISO 3166-1:PL | Polskor | Republic of Poland | Fourth Poland | Country- Poland | Poleland | Polska | Poland. | Pols Land | Polnd | Po land | Lenkija | Bastarnia | Pologne | Polija | Pole land | Architecture of Poland | Ploand | iso 3166 1 pl | country poland,,0,0.6896388530731201,0.0001504005736205012,0.0001504005736205012,0.07548028027020673,-0.6894884524994996,0.6894884524994996,,
triviaqa-rc.nocontext-validation-346,triviaqa_rc_nocontext_validation_500,test,What colour is the bottom stripe on the U.S. flag?,"Red | Red (colour) | Rgb(255, 0, 0) | Incarnadining | Rauður | Incarnadine | Red (political adjective) | FF0000 | Red Movement | Reddeners | Reddest | Reddened | Redishly | Firebrick red | Reddens | Reddener | Color red | Reddishness | Redly | Aztec red | Red (color) | (255, 0, 0) | Raudur | Color/red | Redest | Redishness | Incarnadined | Incarnadines | Reddishly | List of terms associated with the color red | Redness | red colour | 255 0 0 | red political adjective | red color | rgb 255 0 0 | list of terms associated with color red",The bottom stripe on the U.S. flag is blue,0,0.7663796881758277,0.09503001830022141,0.09503001830022141,0.6625506670908791,-0.6713496698756063,0.6713496698756063,,
triviaqa-rc.nocontext-validation-111,triviaqa_rc_nocontext_validation_500,test,"Which sports event was first held at Worcester, Massachusetts in 1927?",Ryder Cup | Ryder Cup Matches | Rider cup | The Ryder Cup,,0,0.6714391708374023,0.00020236950723287385,0.00020236950723287385,0.08617604929644057,-0.6712368013301695,0.6712368013301695,,
triviaqa-rc.nocontext-validation-308,triviaqa_rc_nocontext_validation_500,test,"More commonly known as the thigh bone, what is the medical name for the longest bone in the human body?",The Femur | Fumuer | Upper leg bone | Femoral bone | Patella surface of femur | Feumur | Os longissimum | Thigh bones | Shenton's Line | Femur | Fumeur | Largest bone | Femoral bones | Fumur | Thigh-bone | Femur bone | Femora | Fuemur | Thighbone | Femur bones | Largest bones | Femir | Femu | Femurs | Facies patellaris femoris | Thigh bone | Os femoris | shenton s line,,0,0.6714062690734863,0.00043536524383428344,0.00043536524383428344,0.12035264047106008,-0.6709709038296521,0.6709709038296521,,
triviaqa-rc.nocontext-validation-142,triviaqa_rc_nocontext_validation_500,test,How long was swimmer Michelle Smith-de Bruin banned for attempting to manipulate a drugs test?,4 years | four  time | 4 time | four time,,0,0.6520501971244812,0.00026984287321876293,0.00026984287321876293,0.0978385304443677,-0.6517803542512625,0.6517803542512625,,
triviaqa-rc.nocontext-validation-15,triviaqa_rc_nocontext_validation_500,test,Who was the director of the CIA from 1976-81?,"George Bush | Goerge Bush | George W. Bush (disambiguation) | GeorgeBush | George Bushe | Georg bush | G Bush | George Bush, President | George Bush (disambiguation) | Bush, George | Geroge Bush | bush george | george w bush disambiguation | george bush president | george bush disambiguation",- The director of the CIA from 197,0,0.6430085096526897,0.0020728840904320435,0.0020728840904320435,0.22609996090066822,-0.6409356255622577,0.6409356255622577,,
triviaqa-rc.nocontext-validation-366,triviaqa_rc_nocontext_validation_500,test,Which act won the Eurovision Song Contest for the United Kingdom singing Love Shine A Light?,Katrina And The Waves | Katrina & The Waves | katrina and waves | katrina waves,,0,0.6299843192100525,0.00016640903336997859,0.00016640903336997859,0.07898086524855004,-0.6298179101766825,0.6298179101766825,,
triviaqa-rc.nocontext-validation-35,triviaqa_rc_nocontext_validation_500,test,Kagoshima international airport is in which country?,Japan | 日本國 | State of Japan | Ja-pan | Nihon | Nippon | Japang | Modern–era Japan | Etymology of Japan | Japan (country) | Republic of Japan | Japanese financial sector | Nihon-koku | ISO 3166-1:JP | 日本 | Japian | The State of Japan | Riben | Nippon-koku | JPN | Jpan | Rìběn | 日本国 | Japao | Japoa | 🗾 | nihon koku | iso 3166 1 jp | japan country | nippon koku | ja pan,,0,0.6288589835166931,0.0002653515519079494,0.0002653515519079494,0.0971212385073326,-0.6285936319647851,0.6285936319647851,,
triviaqa-rc.nocontext-validation-414,triviaqa_rc_nocontext_validation_500,test,Who was the author of 'The Old Curiosity Shop'?,"Charles Dickens | Charles Dickons | C Dickens | Charles John Huffam Dickens | Dickens, Charles | Dickensian | Dickensian character | CJH Dickens | Charles Dickins | Charles John Huffam Dickens FRSA | Dickens | Charels Dickens | Charles John Huffam Dickens, FRSA | Dickens charles",,0,0.6273804903030396,0.00021239323651928117,0.00021239323651928117,0.0880433357905888,-0.6271680970665203,0.6271680970665203,,
triviaqa-rc.nocontext-validation-23,triviaqa_rc_nocontext_validation_500,test,Which 90s sci fi series with James Belushi was based on Bruce Wagner's comic strip of the same name?,Wild Palms,,0,0.6210350394248962,0.00023373322595992803,0.00023373322595992803,0.091849551047804,-0.6208013061989364,0.6208013061989364,,
